experiments/pipeline-value/original.txt	0	false	commander_resolved=1,alternative_permanent_resolved=1	
experiments/pipeline-value/land-heavy.txt	0	false	commander_resolved=1,alternative_permanent_resolved=1	
experiments/pipeline-value/interaction-heavy.txt	0	false	commander_resolved=1,alternative_permanent_resolved=1	
experiments/pipeline-value/payoff-light.txt	0	false	commander_resolved=1,alternative_permanent_resolved=1	
experiments/pipeline-value/original.txt	1	false	commander_resolved=1,alternative_permanent_resolved=1	
experiments/pipeline-value/land-heavy.txt	1	false	commander_resolved=1,alternative_permanent_resolved=1	
experiments/pipeline-value/interaction-heavy.txt	1	false	commander_resolved=1,alternative_permanent_resolved=1	
experiments/pipeline-value/payoff-light.txt	1	false	commander_resolved=1,alternative_permanent_resolved=1	
experiments/pipeline-value/original.txt	2	false	commander_resolved=1,alternative_permanent_resolved=1	
experiments/pipeline-value/land-heavy.txt	2	false	commander_resolved=1,alternative_permanent_resolved=1	
experiments/pipeline-value/interaction-heavy.txt	2	false	commander_resolved=1,alternative_permanent_resolved=1	
experiments/pipeline-value/payoff-light.txt	2	false	commander_resolved=1,alternative_permanent_resolved=1	
experiments/pipeline-value/original.txt	3	false	commander_resolved=1,alternative_permanent_resolved=1	
experiments/pipeline-value/land-heavy.txt	3	false	commander_resolved=1,alternative_permanent_resolved=1	
experiments/pipeline-value/interaction-heavy.txt	3	false	commander_resolved=1,alternative_permanent_resolved=1	
experiments/pipeline-value/payoff-light.txt	3	false	commander_resolved=1,alternative_permanent_resolved=1	
experiments/pipeline-value/original.txt	4	false	commander_resolved=1,alternative_permanent_resolved=1	
experiments/pipeline-value/land-heavy.txt	4	false	commander_resolved=1,alternative_permanent_resolved=1	
experiments/pipeline-value/interaction-heavy.txt	4	false	commander_resolved=1,alternative_permanent_resolved=1	
experiments/pipeline-value/payoff-light.txt	4	false	commander_resolved=1,alternative_permanent_resolved=1	
experiments/pipeline-value/original.txt	5	false	commander_resolved=1,alternative_permanent_resolved=1	
experiments/pipeline-value/land-heavy.txt	5	false	commander_resolved=1,alternative_permanent_resolved=1	
experiments/pipeline-value/interaction-heavy.txt	5	false	commander_resolved=1,alternative_permanent_resolved=1	
experiments/pipeline-value/payoff-light.txt	5	false	commander_resolved=1,alternative_permanent_resolved=1	
experiments/pipeline-value/original.txt	6	false	commander_resolved=1,alternative_permanent_resolved=1	
experiments/pipeline-value/land-heavy.txt	6	false	commander_resolved=1,alternative_permanent_resolved=1	
experiments/pipeline-value/interaction-heavy.txt	6	false	commander_resolved=1,alternative_permanent_resolved=1	
experiments/pipeline-value/payoff-light.txt	6	false	commander_resolved=1,alternative_permanent_resolved=1	
experiments/pipeline-value/original.txt	7	false	commander_resolved=1,alternative_permanent_resolved=1	
experiments/pipeline-value/land-heavy.txt	7	false	commander_resolved=1,alternative_permanent_resolved=1	
experiments/pipeline-value/interaction-heavy.txt	7	false	commander_resolved=1,alternative_permanent_resolved=1	
experiments/pipeline-value/payoff-light.txt	7	false	commander_resolved=1,alternative_permanent_resolved=1	
experiments/pipeline-value/original.txt	8	false	commander_resolved=1,alternative_permanent_resolved=1	
experiments/pipeline-value/land-heavy.txt	8	false	commander_resolved=1,alternative_permanent_resolved=1	
experiments/pipeline-value/interaction-heavy.txt	8	false	commander_resolved=1,alternative_permanent_resolved=1	
experiments/pipeline-value/payoff-light.txt	8	false	commander_resolved=1,alternative_permanent_resolved=1	
experiments/pipeline-value/original.txt	9	false	commander_resolved=1,alternative_permanent_resolved=1	
experiments/pipeline-value/land-heavy.txt	9	false	commander_resolved=1,alternative_permanent_resolved=1	
experiments/pipeline-value/interaction-heavy.txt	9	false	commander_resolved=1,alternative_permanent_resolved=1	
experiments/pipeline-value/payoff-light.txt	9	false	commander_resolved=1,alternative_permanent_resolved=1	
experiments/pipeline-value/original.txt	10	false	commander_resolved=1,alternative_permanent_resolved=1	
experiments/pipeline-value/land-heavy.txt	10	false	commander_resolved=1,alternative_permanent_resolved=1	
experiments/pipeline-value/interaction-heavy.txt	10	false	commander_resolved=1,alternative_permanent_resolved=1	
experiments/pipeline-value/payoff-light.txt	10	false	commander_resolved=1,alternative_permanent_resolved=1	
experiments/pipeline-value/original.txt	11	false	commander_resolved=1,alternative_permanent_resolved=1	
experiments/pipeline-value/land-heavy.txt	11	false	commander_resolved=1,alternative_permanent_resolved=1	
experiments/pipeline-value/interaction-heavy.txt	11	false	commander_resolved=1,alternative_permanent_resolved=1	
experiments/pipeline-value/payoff-light.txt	11	false	commander_resolved=1,alternative_permanent_resolved=1	
experiments/pipeline-value/original.txt	12	false	commander_resolved=1,alternative_permanent_resolved=1	
experiments/pipeline-value/land-heavy.txt	12	false	commander_resolved=1,alternative_permanent_resolved=1	
experiments/pipeline-value/interaction-heavy.txt	12	false	commander_resolved=1,alternative_permanent_resolved=1	
experiments/pipeline-value/payoff-light.txt	12	false	commander_resolved=1,alternative_permanent_resolved=1	
experiments/pipeline-value/original.txt	13	false	commander_resolved=1,alternative_permanent_resolved=1	
experiments/pipeline-value/land-heavy.txt	13	false	commander_resolved=1,alternative_permanent_resolved=1	
experiments/pipeline-value/interaction-heavy.txt	13	false	commander_resolved=1,alternative_permanent_resolved=1	
experiments/pipeline-value/payoff-light.txt	13	false	commander_resolved=1,alternative_permanent_resolved=1	
experiments/pipeline-value/original.txt	14	false	commander_resolved=1,alternative_permanent_resolved=1	
experiments/pipeline-value/land-heavy.txt	14	false	commander_resolved=1,alternative_permanent_resolved=1	
experiments/pipeline-value/interaction-heavy.txt	14	false	commander_resolved=1,alternative_permanent_resolved=1	
experiments/pipeline-value/payoff-light.txt	14	false	commander_resolved=1,alternative_permanent_resolved=1	
experiments/pipeline-value/original.txt	15	false	commander_resolved=1,alternative_permanent_resolved=1	
experiments/pipeline-value/land-heavy.txt	15	false	commander_resolved=1,alternative_permanent_resolved=1	
experiments/pipeline-value/interaction-heavy.txt	15	false	commander_resolved=1,alternative_permanent_resolved=1	
experiments/pipeline-value/payoff-light.txt	15	false	commander_resolved=1,alternative_permanent_resolved=1	
experiments/pipeline-value/original.txt	16	false	commander_resolved=1,alternative_permanent_resolved=1	
experiments/pipeline-value/land-heavy.txt	16	false	commander_resolved=1,alternative_permanent_resolved=1	
experiments/pipeline-value/interaction-heavy.txt	16	false	commander_resolved=1,alternative_permanent_resolved=1	
experiments/pipeline-value/payoff-light.txt	16	false	commander_resolved=1,alternative_permanent_resolved=1	
experiments/pipeline-value/original.txt	17	false	commander_resolved=1,alternative_permanent_resolved=1	
experiments/pipeline-value/land-heavy.txt	17	false	commander_resolved=1,alternative_permanent_resolved=1	
experiments/pipeline-value/interaction-heavy.txt	17	false	commander_resolved=1,alternative_permanent_resolved=1	
experiments/pipeline-value/payoff-light.txt	17	false	commander_resolved=1,alternative_permanent_resolved=1	
experiments/pipeline-value/original.txt	18	false	commander_resolved=1,alternative_permanent_resolved=1	
experiments/pipeline-value/land-heavy.txt	18	false	commander_resolved=1,alternative_permanent_resolved=1	
experiments/pipeline-value/interaction-heavy.txt	18	false	commander_resolved=1,alternative_permanent_resolved=1	
experiments/pipeline-value/payoff-light.txt	18	false	commander_resolved=1,alternative_permanent_resolved=1	
experiments/pipeline-value/original.txt	19	false	commander_resolved=1,alternative_permanent_resolved=1	
experiments/pipeline-value/land-heavy.txt	19	false	commander_resolved=1,alternative_permanent_resolved=1	
experiments/pipeline-value/interaction-heavy.txt	19	false	commander_resolved=1,alternative_permanent_resolved=1	
experiments/pipeline-value/payoff-light.txt	19	false	commander_resolved=1,alternative_permanent_resolved=1	
experiments/pipeline-value/original.txt	20	false	commander_resolved=1,alternative_permanent_resolved=1	
experiments/pipeline-value/land-heavy.txt	20	false	commander_resolved=1,alternative_permanent_resolved=1	
experiments/pipeline-value/interaction-heavy.txt	20	false	commander_resolved=1,alternative_permanent_resolved=1	
experiments/pipeline-value/payoff-light.txt	20	false	commander_resolved=1,alternative_permanent_resolved=1	
experiments/pipeline-value/original.txt	21	false	commander_resolved=1,alternative_permanent_resolved=1	
experiments/pipeline-value/land-heavy.txt	21	false	commander_resolved=1,alternative_permanent_resolved=1	
experiments/pipeline-value/interaction-heavy.txt	21	false	commander_resolved=1,alternative_permanent_resolved=1	
experiments/pipeline-value/payoff-light.txt	21	false	commander_resolved=1,alternative_permanent_resolved=1	
experiments/pipeline-value/original.txt	22	false	commander_resolved=1,alternative_permanent_resolved=1	
experiments/pipeline-value/land-heavy.txt	22	false	commander_resolved=1,alternative_permanent_resolved=1	
experiments/pipeline-value/interaction-heavy.txt	22	false	commander_resolved=1,alternative_permanent_resolved=1	
experiments/pipeline-value/payoff-light.txt	22	false	commander_resolved=1,alternative_permanent_resolved=1	
experiments/pipeline-value/original.txt	23	false	commander_resolved=1,alternative_permanent_resolved=1	
experiments/pipeline-value/land-heavy.txt	23	false	commander_resolved=1,alternative_permanent_resolved=1	
experiments/pipeline-value/interaction-heavy.txt	23	false	commander_resolved=1,alternative_permanent_resolved=1	
experiments/pipeline-value/payoff-light.txt	23	false	commander_resolved=1,alternative_permanent_resolved=1	
experiments/pipeline-value/original.txt	24	false	commander_resolved=1,alternative_permanent_resolved=1	
experiments/pipeline-value/land-heavy.txt	24	false	commander_resolved=1,alternative_permanent_resolved=1	
experiments/pipeline-value/interaction-heavy.txt	24	false	commander_resolved=1,alternative_permanent_resolved=1	
experiments/pipeline-value/payoff-light.txt	24	false	commander_resolved=1,alternative_permanent_resolved=1	
experiments/pipeline-value/original.txt	25	false	commander_resolved=1,alternative_permanent_resolved=1	
experiments/pipeline-value/land-heavy.txt	25	false	commander_resolved=1,alternative_permanent_resolved=1	
experiments/pipeline-value/interaction-heavy.txt	25	false	commander_resolved=1,alternative_permanent_resolved=1	
experiments/pipeline-value/payoff-light.txt	25	false	commander_resolved=1,alternative_permanent_resolved=1	
experiments/pipeline-value/original.txt	26	false	commander_resolved=1,alternative_permanent_resolved=1	
experiments/pipeline-value/land-heavy.txt	26	false	commander_resolved=1,alternative_permanent_resolved=1	
experiments/pipeline-value/interaction-heavy.txt	26	false	commander_resolved=1,alternative_permanent_resolved=1	
experiments/pipeline-value/payoff-light.txt	26	false	commander_resolved=1,alternative_permanent_resolved=1	
experiments/pipeline-value/original.txt	27	false	commander_resolved=1,alternative_permanent_resolved=1	
experiments/pipeline-value/land-heavy.txt	27	false	commander_resolved=1,alternative_permanent_resolved=1	
experiments/pipeline-value/interaction-heavy.txt	27	false	commander_resolved=1,alternative_permanent_resolved=1	
experiments/pipeline-value/payoff-light.txt	27	false	commander_resolved=1,alternative_permanent_resolved=1	
experiments/pipeline-value/original.txt	28	false	commander_resolved=1,alternative_permanent_resolved=1	
experiments/pipeline-value/land-heavy.txt	28	false	commander_resolved=1,alternative_permanent_resolved=1	
experiments/pipeline-value/interaction-heavy.txt	28	false	commander_resolved=1,alternative_permanent_resolved=1	
experiments/pipeline-value/payoff-light.txt	28	false	commander_resolved=1,alternative_permanent_resolved=1	
experiments/pipeline-value/original.txt	29	false	commander_resolved=1,alternative_permanent_resolved=1	
experiments/pipeline-value/land-heavy.txt	29	false	commander_resolved=1,alternative_permanent_resolved=1	
experiments/pipeline-value/interaction-heavy.txt	29	false	commander_resolved=1,alternative_permanent_resolved=1	
experiments/pipeline-value/payoff-light.txt	29	false	commander_resolved=1,alternative_permanent_resolved=1	
experiments/pipeline-value/original.txt	30	false	commander_resolved=1,alternative_permanent_resolved=1	
experiments/pipeline-value/land-heavy.txt	30	false	commander_resolved=1,alternative_permanent_resolved=1	
experiments/pipeline-value/interaction-heavy.txt	30	false	commander_resolved=1,alternative_permanent_resolved=1	
experiments/pipeline-value/payoff-light.txt	30	false	commander_resolved=1,alternative_permanent_resolved=1	
experiments/pipeline-value/original.txt	31	false	commander_resolved=1,alternative_permanent_resolved=1	
experiments/pipeline-value/land-heavy.txt	31	false	commander_resolved=1,alternative_permanent_resolved=1	
experiments/pipeline-value/interaction-heavy.txt	31	false	commander_resolved=1,alternative_permanent_resolved=1	
experiments/pipeline-value/payoff-light.txt	31	false	commander_resolved=1,alternative_permanent_resolved=1	
experiments/pipeline-value/original.txt	32	false	commander_resolved=1,alternative_permanent_resolved=1	
experiments/pipeline-value/land-heavy.txt	32	false	commander_resolved=1,alternative_permanent_resolved=1	
experiments/pipeline-value/interaction-heavy.txt	32	false	commander_resolved=1,alternative_permanent_resolved=1	
experiments/pipeline-value/payoff-light.txt	32	false	commander_resolved=1,alternative_permanent_resolved=1	
experiments/pipeline-value/original.txt	33	false	commander_resolved=1,alternative_permanent_resolved=1	
experiments/pipeline-value/land-heavy.txt	33	false	commander_resolved=1,alternative_permanent_resolved=1	
experiments/pipeline-value/interaction-heavy.txt	33	false	commander_resolved=1,alternative_permanent_resolved=1	
experiments/pipeline-value/payoff-light.txt	33	false	commander_resolved=1,alternative_permanent_resolved=1	
experiments/pipeline-value/original.txt	34	false	commander_resolved=1,alternative_permanent_resolved=1	
experiments/pipeline-value/land-heavy.txt	34	false	commander_resolved=1,alternative_permanent_resolved=1	
experiments/pipeline-value/interaction-heavy.txt	34	false	commander_resolved=1,alternative_permanent_resolved=1	
experiments/pipeline-value/payoff-light.txt	34	false	commander_resolved=1,alternative_permanent_resolved=1	
experiments/pipeline-value/original.txt	35	false	commander_resolved=1,alternative_permanent_resolved=1	
experiments/pipeline-value/land-heavy.txt	35	false	commander_resolved=1,alternative_permanent_resolved=1	
experiments/pipeline-value/interaction-heavy.txt	35	false	commander_resolved=1,alternative_permanent_resolved=1	
experiments/pipeline-value/payoff-light.txt	35	false	commander_resolved=1,alternative_permanent_resolved=1	
experiments/pipeline-value/original.txt	36	false	commander_resolved=1,alternative_permanent_resolved=1	
experiments/pipeline-value/land-heavy.txt	36	false	commander_resolved=1,alternative_permanent_resolved=1	
experiments/pipeline-value/interaction-heavy.txt	36	false	commander_resolved=1,alternative_permanent_resolved=1	
experiments/pipeline-value/payoff-light.txt	36	false	commander_resolved=1,alternative_permanent_resolved=1	
experiments/pipeline-value/original.txt	37	false	commander_resolved=1,alternative_permanent_resolved=1	
experiments/pipeline-value/land-heavy.txt	37	false	commander_resolved=1,alternative_permanent_resolved=1	
experiments/pipeline-value/interaction-heavy.txt	37	false	commander_resolved=1,alternative_permanent_resolved=1	
experiments/pipeline-value/payoff-light.txt	37	false	commander_resolved=1,alternative_permanent_resolved=1	
experiments/pipeline-value/original.txt	38	false	commander_resolved=1,alternative_permanent_resolved=1	
experiments/pipeline-value/land-heavy.txt	38	false	commander_resolved=1,alternative_permanent_resolved=1	
experiments/pipeline-value/interaction-heavy.txt	38	false	commander_resolved=1,alternative_permanent_resolved=1	
experiments/pipeline-value/payoff-light.txt	38	false	commander_resolved=1,alternative_permanent_resolved=1	
experiments/pipeline-value/original.txt	39	false	commander_resolved=1,alternative_permanent_resolved=1	
experiments/pipeline-value/land-heavy.txt	39	false	commander_resolved=1,alternative_permanent_resolved=1	
experiments/pipeline-value/interaction-heavy.txt	39	false	commander_resolved=1,alternative_permanent_resolved=1	
experiments/pipeline-value/payoff-light.txt	39	false	commander_resolved=1,alternative_permanent_resolved=1	
experiments/pipeline-value/original.txt	40	false	commander_resolved=1,alternative_permanent_resolved=1	
experiments/pipeline-value/land-heavy.txt	40	false	commander_resolved=1,alternative_permanent_resolved=1	
experiments/pipeline-value/interaction-heavy.txt	40	false	commander_resolved=1,alternative_permanent_resolved=1	
experiments/pipeline-value/payoff-light.txt	40	false	commander_resolved=1,alternative_permanent_resolved=1	
experiments/pipeline-value/original.txt	41	false	commander_resolved=1,alternative_permanent_resolved=1	
experiments/pipeline-value/land-heavy.txt	41	false	commander_resolved=1,alternative_permanent_resolved=1	
experiments/pipeline-value/interaction-heavy.txt	41	false	commander_resolved=1,alternative_permanent_resolved=1	
experiments/pipeline-value/payoff-light.txt	41	false	commander_resolved=1,alternative_permanent_resolved=1	
experiments/pipeline-value/original.txt	42	false	commander_resolved=1,alternative_permanent_resolved=1	
experiments/pipeline-value/land-heavy.txt	42	false	commander_resolved=1,alternative_permanent_resolved=1	
experiments/pipeline-value/interaction-heavy.txt	42	false	commander_resolved=1,alternative_permanent_resolved=1	
experiments/pipeline-value/payoff-light.txt	42	false	commander_resolved=1,alternative_permanent_resolved=1	
experiments/pipeline-value/original.txt	43	false	commander_resolved=1,alternative_permanent_resolved=1	
experiments/pipeline-value/land-heavy.txt	43	false	commander_resolved=1,alternative_permanent_resolved=1	
experiments/pipeline-value/interaction-heavy.txt	43	false	commander_resolved=1,alternative_permanent_resolved=1	
experiments/pipeline-value/payoff-light.txt	43	false	commander_resolved=1,alternative_permanent_resolved=1	
experiments/pipeline-value/original.txt	44	false	commander_resolved=1,alternative_permanent_resolved=1	
experiments/pipeline-value/land-heavy.txt	44	false	commander_resolved=1,alternative_permanent_resolved=1	
experiments/pipeline-value/interaction-heavy.txt	44	false	commander_resolved=1,alternative_permanent_resolved=1	
experiments/pipeline-value/payoff-light.txt	44	false	commander_resolved=1,alternative_permanent_resolved=1	
experiments/pipeline-value/original.txt	45	false	commander_resolved=1,alternative_permanent_resolved=1	
experiments/pipeline-value/land-heavy.txt	45	false	commander_resolved=1,alternative_permanent_resolved=1	
experiments/pipeline-value/interaction-heavy.txt	45	false	commander_resolved=1,alternative_permanent_resolved=1	
experiments/pipeline-value/payoff-light.txt	45	false	commander_resolved=1,alternative_permanent_resolved=1	
experiments/pipeline-value/original.txt	46	false	commander_resolved=1,alternative_permanent_resolved=1	
experiments/pipeline-value/land-heavy.txt	46	false	commander_resolved=1,alternative_permanent_resolved=1	
experiments/pipeline-value/interaction-heavy.txt	46	false	commander_resolved=1,alternative_permanent_resolved=1	
experiments/pipeline-value/payoff-light.txt	46	false	commander_resolved=1,alternative_permanent_resolved=1	
experiments/pipeline-value/original.txt	47	false	commander_resolved=1,alternative_permanent_resolved=1	
experiments/pipeline-value/land-heavy.txt	47	false	commander_resolved=1,alternative_permanent_resolved=1	
experiments/pipeline-value/interaction-heavy.txt	47	false	commander_resolved=1,alternative_permanent_resolved=1	
experiments/pipeline-value/payoff-light.txt	47	false	commander_resolved=1,alternative_permanent_resolved=1	
experiments/pipeline-value/original.txt	48	false	commander_resolved=1,alternative_permanent_resolved=1	
experiments/pipeline-value/land-heavy.txt	48	false	commander_resolved=1,alternative_permanent_resolved=1	
experiments/pipeline-value/interaction-heavy.txt	48	false	commander_resolved=1,alternative_permanent_resolved=1	
experiments/pipeline-value/payoff-light.txt	48	false	commander_resolved=1,alternative_permanent_resolved=1	
experiments/pipeline-value/original.txt	49	false	commander_resolved=1,alternative_permanent_resolved=1	
experiments/pipeline-value/land-heavy.txt	49	false	commander_resolved=1,alternative_permanent_resolved=1	
experiments/pipeline-value/interaction-heavy.txt	49	false	commander_resolved=1,alternative_permanent_resolved=1	
experiments/pipeline-value/payoff-light.txt	49	false	commander_resolved=1,alternative_permanent_resolved=1	
